{
  "TAM_inner": {
    "dissolution_30min_pct": {
      "R2": 0.9911667838557312,
      "RMSE": 2.480764003625476,
      "coefs": [
        22.267065116167643,
        -25.64916622470106,
        -5.293089962835024,
        13.349326570545617,
        -0.7179100342224226,
        7.7141129052983635
      ],
      "pvalues": [
        0.005455784964631094,
        0.0004520599308681693,
        0.07359205418912404,
        0.007695448915138756,
        0.7602496702072865,
        0.04853609884575243
      ]
    },
    "dissolution_2h_pct": {
      "R2": 0.9919085237532815,
      "RMSE": 2.0276438733476434,
      "coefs": [
        52.672069669010696,
        -22.342054798380357,
        -4.936156245592861,
        5.021046907642897,
        1.280821525200847,
        -4.292669194541509
      ],
      "pvalues": [
        0.00023872102194043475,
        0.000374036729401741,
        0.053959709245324165,
        0.06005217989620394,
        0.5185356202347154,
        0.11591304642309265
      ]
    },
    "dissolution_6h_pct": {
      "R2": 0.945799111893499,
      "RMSE": 5.433722973095862,
      "coefs": [
        99.49252144567167,
        -18.08234030221933,
        -6.432184047569684,
        -16.221524800361248,
        -2.9176940264684705,
        -15.989930420662581
      ],
      "pvalues": [
        0.0006760777308426515,
        0.012221088227862885,
        0.23065885792481053,
        0.03793516450887408,
        0.579138935537529,
        0.055495548957606194
      ]
    }
  },
  "FIN_outer": {
    "dissolution_45min_pct": {
      "R2": 0.8799521768909997,
      "RMSE": 8.14384276467449,
      "coefs": [
        88.09778607117741,
        19.84536951599013,
        -4.212710796150862,
        -14.245827529585148,
        0.2648341791697799,
        3.389628269141405
      ],
      "pvalues": [
        0.0019851045619343603,
        0.010491139229513734,
        0.40161427134231514,
        0.1341654528288239,
        0.968469491052579,
        0.6621027553138141
      ]
    }
  },
  "matches_published_anova": {
    "TAM_30min_X1_significant": true,
    "TAM_30min_X2_not_significant": true
  }
}