{
  "Y1_pct": {
    "model": "quadratic_full",
    "n_used": 19,
    "R2": 0.9627121838296999,
    "RMSE": 1.7662684940884,
    "coefficients": {
      "const": 10.968695140779046,
      "x1": 2.4689242719856854,
      "x2": 0.04395169650953212,
      "x3": -8.099133944558625,
      "x1^2": -1.4053841234707638,
      "x1 x2": 0.4524999999999961,
      "x1 x3": -0.890000000000005,
      "x2^2": 5.925069555590295,
      "x2 x3": 0.8975000000000026,
      "x3^2": 3.154331180630439
    },
    "p_values": {
      "const": 2.424854154279427e-06,
      "x1": 0.006163166785708236,
      "x2": 0.9602758064630489,
      "x3": 9.808135117849808e-07,
      "x1^2": 0.07314894421399956,
      "x1 x2": 0.6299420505134059,
      "x1 x3": 0.35227499306269583,
      "x2^2": 8.89594768085573e-05,
      "x2 x3": 0.3484302216108204,
      "x3^2": 0.001381629424610917
    },
    "FA_optimum_prediction": {
      "x_coded": [
        0.6616,
        0.3433333333333332,
        -0.010000000000000009
      ],
      "predicted": 12.88740112997912,
      "published_predicted": 17.73,
      "experimental_observed": 18.014,
      "our_predicted_vs_observed_pct_err": -28.45897007894349,
      "passes_5pct": false
    }
  },
  "Y2_pct": {
    "model": "quadratic_full",
    "n_used": 19,
    "R2": 0.910807636927576,
    "RMSE": 4.66314688333627,
    "coefficients": {
      "const": 38.41611483143499,
      "x1": 11.920588936443375,
      "x2": 2.6460463427000533,
      "x3": -10.342714526782638,
      "x1^2": 0.8230110825476171,
      "x1 x2": -0.7212500000000128,
      "x1 x3": 5.6637499999999825,
      "x2^2": 4.521634857580084,
      "x2 x3": -0.8962500000000002,
      "x3^2": 3.806266676858797
    },
    "p_values": {
      "const": 2.1838128218472517e-07,
      "x1": 0.00011116556621627405,
      "x2": 0.27289644553855197,
      "x3": 0.0003170004758981257,
      "x1^2": 0.663437948659048,
      "x1 x2": 0.7701860669082897,
      "x1 x3": 0.04229778893587066,
      "x2^2": 0.08492609991699729,
      "x2 x3": 0.7169593054600012,
      "x3^2": 0.0671996988918128
    },
    "FA_optimum_prediction": {
      "x_coded": [
        0.6616,
        0.3433333333333332,
        -0.010000000000000009
      ],
      "predicted": 48.01007865585499,
      "published_predicted": 53.235,
      "experimental_observed": 52.87,
      "our_predicted_vs_observed_pct_err": -9.192209843285431,
      "passes_5pct": false
    }
  },
  "Y3_pct": {
    "model": "quadratic_full",
    "n_used": 19,
    "R2": 0.9519962976300073,
    "RMSE": 4.610641528066459,
    "coefficients": {
      "const": 78.84126546468991,
      "x1": 16.54530947161011,
      "x2": -0.6462329776781139,
      "x3": -12.026439994353586,
      "x1^2": -4.220830348230376,
      "x1 x2": -0.4175000000000182,
      "x1 x3": 14.124999999999977,
      "x2^2": 5.123750127930304,
      "x2 x3": 0.7225000000000001,
      "x3^2": 3.318605887155571
    },
    "p_values": {
      "const": 3.5205900173584003e-10,
      "x1": 7.6083049157811895e-06,
      "x2": 0.7795336386210888,
      "x3": 9.540216145234152e-05,
      "x1^2": 0.044492416630063425,
      "x1 x2": 0.8639825233571312,
      "x1 x3": 0.00021173343059537468,
      "x2^2": 0.05372479375426993,
      "x2 x3": 0.7672675217124655,
      "x3^2": 0.09974960103873658
    },
    "FA_optimum_prediction": {
      "x_coded": [
        0.6616,
        0.3433333333333332,
        -0.010000000000000009
      ],
      "predicted": 88.25205609956197,
      "published_predicted": 91.886,
      "experimental_observed": 95.18,
      "our_predicted_vs_observed_pct_err": -7.278781151962637,
      "passes_5pct": false
    }
  },
  "Y4": {
    "model": "quadratic_full",
    "n_used": 19,
    "R2": 0.8973450585360183,
    "RMSE": 0.03693023566828305,
    "coefficients": {
      "const": 0.9615770568422963,
      "x1": -0.004185178069691098,
      "x2": -0.028613364331115554,
      "x3": 0.07655590965986274,
      "x1^2": -0.0033872352754220902,
      "x1 x2": -0.012362500000000068,
      "x1 x3": 0.05536249999999997,
      "x2^2": -0.08835281930924707,
      "x2 x3": 0.018687500000000037,
      "x3^2": -0.03175290606256319
    },
    "p_values": {
      "const": 8.202968211357517e-12,
      "x1": 0.7796813644425974,
      "x2": 0.14528134513221386,
      "x3": 0.0005119875927967781,
      "x1^2": 0.8203768040416162,
      "x1 x2": 0.5309140630010556,
      "x1 x3": 0.01708027898304972,
      "x2^2": 0.0010077987216877738,
      "x2 x3": 0.3503383501413424,
      "x3^2": 0.05609968778818808
    },
    "FA_optimum_prediction": {
      "x_coded": [
        0.6616,
        0.3433333333333332,
        -0.010000000000000009
      ],
      "predicted": 0.9330794383417276,
      "published_predicted": 0.9604,
      "experimental_observed": 0.9703,
      "our_predicted_vs_observed_pct_err": -3.835984917888537,
      "passes_5pct": true
    }
  }
}