{
  "ee_pct": {
    "n_used": 22,
    "R2": 0.342237336702651,
    "RMSE": 8.751023159872629,
    "coefficients": {
      "const": 60.87940423752434,
      "PC:EA": -4.794278343563789,
      "HA": 39.536162444309205,
      "EA_type_SC": 7.124066170917185,
      "EA_type_SDC": -3.79378635537293,
      "PC:EA*HA": -6.901460053396001,
      "PC:EA^2": 1.5581982849171183,
      "HA^2": -6.171006805050964
    },
    "p_values": {
      "const": 0.31050127708625497,
      "PC:EA": 0.9115370985544066,
      "HA": 0.3685451640679335,
      "EA_type_SC": 0.2732366944476009,
      "EA_type_SDC": 0.5426549318422997,
      "PC:EA*HA": 0.6153528600585122,
      "PC:EA^2": 0.8298996343234135,
      "HA^2": 0.24707764751671996
    }
  },
  "ps_nm": {
    "n_used": 22,
    "R2": 0.9483271277125171,
    "RMSE": 17.909712225321506,
    "coefficients": {
      "const": 279.80499141978544,
      "PC:EA": 56.44449270867881,
      "HA": 93.8483842094494,
      "EA_type_SC": 23.435079643849377,
      "EA_type_SDC": -86.81590890912516,
      "PC:EA*HA": -35.19818928358778,
      "PC:EA^2": 5.032923680301664,
      "HA^2": -7.083640421259142
    },
    "p_values": {
      "const": 0.03312570593488304,
      "PC:EA": 0.525730246385981,
      "HA": 0.29938726231681906,
      "EA_type_SC": 0.08813771611251173,
      "EA_type_SDC": 6.476389686277472e-06,
      "PC:EA*HA": 0.2211492086574265,
      "PC:EA^2": 0.7348942599019828,
      "HA^2": 0.509121726681836
    }
  },
  "zp_mV": {
    "n_used": 21,
    "R2": NaN,
    "RMSE": NaN,
    "coefficients": {
      "const": NaN,
      "PC:EA": NaN,
      "HA": NaN,
      "EA_type_SC": NaN,
      "EA_type_SDC": NaN,
      "PC:EA*HA": NaN,
      "PC:EA^2": NaN,
      "HA^2": NaN
    },
    "p_values": {
      "const": NaN,
      "PC:EA": NaN,
      "HA": NaN,
      "EA_type_SC": NaN,
      "EA_type_SDC": NaN,
      "PC:EA*HA": NaN,
      "PC:EA^2": NaN,
      "HA^2": NaN
    }
  },
  "pdi": {
    "n_used": 22,
    "R2": 0.4112863849080238,
    "RMSE": 0.08315253514607782,
    "coefficients": {
      "const": 1.0379270582946472,
      "PC:EA": -0.43497037401268857,
      "HA": -0.35874091319344387,
      "EA_type_SC": -0.08902641691961213,
      "EA_type_SDC": -0.02727409960545464,
      "PC:EA*HA": 0.05604495740770634,
      "PC:EA^2": 0.06900263531553909,
      "HA^2": 0.09259304387882891
    },
    "p_values": {
      "const": 0.07992566269143397,
      "PC:EA": 0.2983359870015476,
      "HA": 0.38991183446018796,
      "EA_type_SC": 0.15586378113894456,
      "EA_type_SDC": 0.6441147715896167,
      "PC:EA*HA": 0.6672371100221327,
      "PC:EA^2": 0.32499002235840635,
      "HA^2": 0.07718925522447205
    }
  },
  "q2h_pct": {
    "n_used": 22,
    "R2": 0.9555764955932009,
    "RMSE": 0.7856607902713512,
    "coefficients": {
      "const": 48.35992120354829,
      "PC:EA": 0.6624801269352254,
      "HA": -10.161205754959889,
      "EA_type_SC": -3.4833655879501375,
      "EA_type_SDC": -4.540978450663127,
      "PC:EA*HA": -2.910552548670713,
      "PC:EA^2": -0.1095711008870528,
      "HA^2": 6.608603768501124
    },
    "p_values": {
      "const": 2.2468640901430922e-07,
      "PC:EA": 0.8642682739793754,
      "HA": 0.018663657093695267,
      "EA_type_SC": 2.2711116439203013e-05,
      "EA_type_SDC": 8.656657521558595e-07,
      "PC:EA*HA": 0.030058177178293077,
      "PC:EA^2": 0.8663317663703629,
      "HA^2": 8.654412164228351e-10
    }
  },
  "q24h_pct": {
    "n_used": 22,
    "R2": 0.921410684221096,
    "RMSE": 1.5710045956282197,
    "coefficients": {
      "const": 78.49410524844546,
      "PC:EA": 4.851518110298741,
      "HA": -27.8700764751034,
      "EA_type_SC": -2.9921951903512642,
      "EA_type_SDC": -7.778361483104813,
      "PC:EA*HA": 0.8985626510181123,
      "PC:EA^2": -1.2195621297188826,
      "HA^2": 8.892311188204896
    },
    "p_values": {
      "const": 2.6391863848657547e-06,
      "PC:EA": 0.5339786180108292,
      "HA": 0.0026324018164294127,
      "EA_type_SC": 0.01836474470287239,
      "EA_type_SDC": 5.118124776583886e-06,
      "PC:EA*HA": 0.7149609029522268,
      "PC:EA^2": 0.35612994451874946,
      "HA^2": 1.3675567427472414e-07
    }
  },
  "published_optimum_targets": {
    "ee_pct_theoretical": 82.06,
    "ee_pct_observed": 81.81,
    "ps_nm_theoretical": 414.95,
    "ps_nm_observed": 432.45,
    "q2h_theoretical": 42.338,
    "q2h_observed": 42.652,
    "q24h_theoretical": 74.723,
    "q24h_observed": 75.138
  }
}