{
  "design": "Scheffe simplex-lattice {3,3}",
  "n_runs_observed": 10,
  "n_runs_expected_combinatorial": 10,
  "row_sums_eq_one": true,
  "true_coefficients": {
    "b1": 5.0,
    "b2": 3.0,
    "b3": 7.0,
    "b12": 2.5,
    "b13": -1.5,
    "b23": 0.8
  },
  "fitted_coefficients_ours": {
    "x1": 4.995718463372054,
    "x2": 3.011727860073221,
    "x3": 6.998620159243574,
    "x1*x2": 2.480919921272926,
    "x1*x3": -1.543099884965324,
    "x2*x3": 0.7653782320455723
  },
  "fitted_coefficients_numpy_lstsq": [
    4.995718463372054,
    3.0117278600732087,
    6.998620159243573,
    2.4809199212729194,
    -1.543099884965321,
    0.7653782320455894
  ],
  "fit_R2": 0.9999988256857708,
  "fit_RMSE": 0.005633845033107401,
  "max_rel_coef_diff_ours_vs_numpy": 2.233854304101381e-14,
  "passes_1e-6": true
}