{
  "n_candidates": 125,
  "n_runs_selected": 12,
  "det_d_optimal": 18213552.0,
  "det_random_median": 486.70421552658024,
  "det_ratio_dopt_over_random": 37422.21953079695,
  "passes_at_3x_ratio": true,
  "selected_idx": [
    110,
    4,
    124,
    20,
    50,
    102,
    72,
    0,
    12,
    84,
    120,
    24
  ]
}