{
  "design": "CCD rotatable 3F",
  "n_runs": 20,
  "n_center": 6,
  "alpha_expected": 1.681792830507429,
  "alpha_observed_ref": 1.681792830507429,
  "alpha_observed_pyDOE3": 1.681792830507429,
  "design_matrices_equal_setwise": true,
  "true_coefficients": {
    "b0": 5.0,
    "b1": 2.0,
    "b2": -1.5,
    "b3": 0.8,
    "b11": 1.2,
    "b22": -0.4,
    "b33": 0.6,
    "b12": 0.5,
    "b13": -0.3,
    "b23": 0.2
  },
  "fitted_coefficients_statsmodels": {
    "const": 4.99979116605232,
    "x1": 1.9913735548781912,
    "x2": -1.4805218132991167,
    "x3": 0.7904347315410456,
    "x1^2": 1.1857742795915822,
    "x1 x2": 0.5027617251829819,
    "x1 x3": -0.2915039978019326,
    "x2^2": -0.39188967563939847,
    "x2 x3": 0.20399080979785103,
    "x3^2": 0.6040098297632368
  },
  "fitted_coefficients_numpy_lstsq": {
    "const": 4.999791166052322,
    "x1": 1.9913735548781912,
    "x2": -1.480521813299116,
    "x3": 0.7904347315410445,
    "x1^2": 1.185774279591581,
    "x1 x2": 0.5027617251829828,
    "x1 x3": -0.29150399780193115,
    "x2^2": -0.3918896756393975,
    "x2 x3": 0.20399080979785122,
    "x3^2": 0.6040098297632374
  },
  "fit_R2": 0.9998126268258064,
  "fit_RMSE": 0.03406801201206258,
  "max_abs_coef_diff_sm_vs_numpy": 1.7763568394002505e-15,
  "max_rel_coef_diff_sm_vs_numpy": 4.951184007391969e-15,
  "passes_1e-6": true
}