{
  "design": "Box-Behnken 3F",
  "n_runs": 15,
  "design_matrices_equal_setwise": true,
  "fitted_coefficients_statsmodels": [
    10.016607812467813,
    2.0205916079188393,
    -0.9948533225126499,
    0.4972509645379165,
    0.9794215456753639,
    0.21151111029934822,
    -0.00819704007976922,
    -0.2888612415003404,
    0.005509775479764467,
    -0.02184148477836967
  ],
  "fitted_coefficients_numpy_lstsq": [
    10.016607812467814,
    2.0205916079188375,
    -0.9948533225126523,
    0.4972509645379155,
    0.9794215456753637,
    0.2115111102993499,
    -0.008197040079768847,
    -0.28886124150034004,
    0.005509775479765793,
    -0.021841484778370914
  ],
  "fit_R2": 0.9999522498007236,
  "fit_RMSE": 0.012204890389636585,
  "max_rel_coef_diff_sm_vs_numpy": 2.406987547885096e-13,
  "passes_1e-6": true
}