{
  "linear": {
    "R2": 0.7538306442656911,
    "RMSE": 1.2297843304601033,
    "n_params": 4,
    "passes_R2_above_0.5": true
  },
  "rsm": {
    "R2": 0.9998110835994776,
    "RMSE": 0.03406801201206256,
    "n_params": 10,
    "passes_R2_above_0.5": true
  },
  "sparse_rsm": {
    "R2": 0.9996298398525495,
    "RMSE": 0.0476877454163404,
    "n_params": 8,
    "passes_R2_above_0.5": true
  },
  "pls": {
    "R2": 0.753830644265691,
    "RMSE": 1.2297843304601033,
    "n_params": 3,
    "passes_R2_above_0.5": true
  },
  "bayes_ridge": {
    "R2": 0.9998110593906194,
    "RMSE": 0.034070194779795934,
    "n_params": 10,
    "passes_R2_above_0.5": true
  },
  "gp": {
    "R2": 0.9999430919285842,
    "RMSE": 0.01871869537014126,
    "n_params": 4,
    "passes_R2_above_0.5": true
  },
  "rf": {
    "R2": 0.9646364731944428,
    "RMSE": 0.4661114225750177,
    "n_params": 200,
    "passes_R2_above_0.5": true
  },
  "gbm": {
    "R2": 0.9999358542974971,
    "RMSE": 0.019851610406327016,
    "n_params": 200,
    "passes_R2_above_0.5": true
  },
  "mlp": {
    "R2": 0.9974174630680006,
    "RMSE": 0.12596074802253943,
    "n_params": 673,
    "passes_R2_above_0.5": true
  },
  "ngboost": {
    "R2": 0.9999431156329751,
    "RMSE": 0.018694266325449987,
    "n_params": 200,
    "passes_R2_above_0.5": true
  },
  "ensemble": {
    "R2": 0.999918523784385,
    "RMSE": 0.02237316291117279,
    "weights": {
      "rsm": 0.21695632865368153,
      "rf": 0.01585730461148919,
      "gbm": 0.3723260057688268,
      "gp": 0.3948603609660024
    }
  }
}